Code,Created Time,Download,Upload,Traffic Limit Type,Traffic Limit,Used Data,Remaining Data,Price,Notes,Duration,Duration Type,Validity Type,Effective Time,Expiration Time,Type,Portals,Portal Logout,Site Name,Print Comments,Voucher Group Name,
"922352","Jan 14 2026 08:43:49 PM","","","TOTAL","1.0GB","1.0GB","0.0MB","",,"720.0Hours","Voucher Duration","Valid During Dates","Jan 14 2026 12:00:00 AM","Jan 14 2027 11:59:59 PM","Expired","All Portals","Enable","WALLSTREET WIFI",,""
"299518","Jan 14 2026 08:43:49 PM","","","TOTAL","1.0GB","1.0GB","0.0MB","",,"720.0Hours","Voucher Duration","Valid During Dates","Jan 14 2026 12:00:00 AM","Jan 14 2027 11:59:59 PM","Expired","All Portals","Enable","WALLSTREET WIFI",,""
"558812","Jan 14 2026 08:43:49 PM","","","TOTAL","1.0GB","954.0MB","70.0MB","",,"720.0Hours","Voucher Duration","Valid During Dates","Jan 14 2026 12:00:00 AM","Jan 14 2027 11:59:59 PM","Valid for unlimited usage counts","All Portals","Enable","WALLSTREET WIFI",,""
"082633","Jan 14 2026 08:43:49 PM","","","TOTAL","1.0GB","0.0MB","1.0GB","",,"720.0Hours","Voucher Duration","Valid During Dates","Jan 14 2026 12:00:00 AM","Jan 14 2027 11:59:59 PM","Valid for unlimited usage counts","All Portals","Enable","WALLSTREET WIFI",,""
"651223","Jan 14 2026 08:43:49 PM","","","TOTAL","1.0GB","0.0MB","1.0GB","",,"720.0Hours","Voucher Duration","Valid During Dates","Jan 14 2026 12:00:00 AM","Jan 14 2027 11:59:59 PM","Valid for unlimited usage counts","All Portals","Enable","WALLSTREET WIFI",,""
"053088","Jan 14 2026 08:43:49 PM","","","TOTAL","1.0GB","1.0GB","0.0MB","",,"720.0Hours","Voucher Duration","Valid During Dates","Jan 14 2026 12:00:00 AM","Jan 14 2027 11:59:59 PM","Expired","All Portals","Enable","WALLSTREET WIFI",,""
"513881","Jan 14 2026 08:43:49 PM","","","TOTAL","1.0GB","0.0MB","1.0GB","",,"720.0Hours","Voucher Duration","Valid During Dates","Jan 14 2026 12:00:00 AM","Jan 14 2027 11:59:59 PM","Valid for unlimited usage counts","All Portals","Enable","WALLSTREET WIFI",,""
"324602","Jan 14 2026 08:43:49 PM","","","TOTAL","1.0GB","0.0MB","1.0GB","",,"720.0Hours","Voucher Duration","Valid During Dates","Jan 14 2026 12:00:00 AM","Jan 14 2027 11:59:59 PM","Valid for unlimited usage counts","All Portals","Enable","WALLSTREET WIFI",,""
"838437","Jan 14 2026 08:43:49 PM","","","TOTAL","1.0GB","0.0MB","1.0GB","",,"720.0Hours","Voucher Duration","Valid During Dates","Jan 14 2026 12:00:00 AM","Jan 14 2027 11:59:59 PM","Valid for unlimited usage counts","All Portals","Enable","WALLSTREET WIFI",,""
"940081","Jan 14 2026 08:43:49 PM","","","TOTAL","1.0GB","0.0MB","1.0GB","",,"720.0Hours","Voucher Duration","Valid During Dates","Jan 14 2026 12:00:00 AM","Jan 14 2027 11:59:59 PM","Valid for unlimited usage counts","All Portals","Enable","WALLSTREET WIFI",,""
"464357","Jan 14 2026 08:43:49 PM","","","TOTAL","1.0GB","0.0MB","1.0GB","",,"720.0Hours","Voucher Duration","Valid During Dates","Jan 14 2026 12:00:00 AM","Jan 14 2027 11:59:59 PM","Valid for unlimited usage counts","All Portals","Enable","WALLSTREET WIFI",,""
"218413","Jan 14 2026 08:43:49 PM","","","TOTAL","1.0GB","1.0GB","0.0MB","",,"720.0Hours","Voucher Duration","Valid During Dates","Jan 14 2026 12:00:00 AM","Jan 14 2027 11:59:59 PM","Expired","All Portals","Enable","WALLSTREET WIFI",,""
"133533","Jan 14 2026 08:43:49 PM","","","TOTAL","1.0GB","0.0MB","1.0GB","",,"720.0Hours","Voucher Duration","Valid During Dates","Jan 14 2026 12:00:00 AM","Jan 14 2027 11:59:59 PM","Valid for unlimited usage counts","All Portals","Enable","WALLSTREET WIFI",,""
"750778","Jan 14 2026 08:43:49 PM","","","TOTAL","1.0GB","0.0MB","1.0GB","",,"720.0Hours","Voucher Duration","Valid During Dates","Jan 14 2026 12:00:00 AM","Jan 14 2027 11:59:59 PM","Valid for unlimited usage counts","All Portals","Enable","WALLSTREET WIFI",,""
"669443","Jan 14 2026 08:43:49 PM","","","TOTAL","1.0GB","0.0MB","1.0GB","",,"720.0Hours","Voucher Duration","Valid During Dates","Jan 14 2026 12:00:00 AM","Jan 14 2027 11:59:59 PM","Valid for unlimited usage counts","All Portals","Enable","WALLSTREET WIFI",,""
"088318","Jan 14 2026 08:43:49 PM","","","TOTAL","1.0GB","0.0MB","1.0GB","",,"720.0Hours","Voucher Duration","Valid During Dates","Jan 14 2026 12:00:00 AM","Jan 14 2027 11:59:59 PM","Valid for unlimited usage counts","All Portals","Enable","WALLSTREET WIFI",,""
"263166","Jan 14 2026 08:43:49 PM","","","TOTAL","1.0GB","0.0MB","1.0GB","",,"720.0Hours","Voucher Duration","Valid During Dates","Jan 14 2026 12:00:00 AM","Jan 14 2027 11:59:59 PM","Valid for unlimited usage counts","All Portals","Enable","WALLSTREET WIFI",,""
"385624","Jan 14 2026 08:43:49 PM","","","TOTAL","1.0GB","0.0MB","1.0GB","",,"720.0Hours","Voucher Duration","Valid During Dates","Jan 14 2026 12:00:00 AM","Jan 14 2027 11:59:59 PM","Valid for unlimited usage counts","All Portals","Enable","WALLSTREET WIFI",,""
"318994","Jan 14 2026 08:43:49 PM","","","TOTAL","1.0GB","0.0MB","1.0GB","",,"720.0Hours","Voucher Duration","Valid During Dates","Jan 14 2026 12:00:00 AM","Jan 14 2027 11:59:59 PM","Valid for unlimited usage counts","All Portals","Enable","WALLSTREET WIFI",,""
"373484","Jan 14 2026 08:43:49 PM","","","TOTAL","1.0GB","0.0MB","1.0GB","",,"720.0Hours","Voucher Duration","Valid During Dates","Jan 14 2026 12:00:00 AM","Jan 14 2027 11:59:59 PM","Valid for unlimited usage counts","All Portals","Enable","WALLSTREET WIFI",,""
"441866","Jan 14 2026 09:23:55 PM","","","TOTAL","10.0GB","10.0GB","0.0MB","",,"720.0Hours","Voucher Duration","Permanent",,,"Expired","All Portals","Enable","WALLSTREET WIFI",,""
"338804","Jan 14 2026 09:23:55 PM","","","TOTAL","10.0GB","10.0GB","0.0MB","",,"720.0Hours","Voucher Duration","Permanent",,,"Expired","All Portals","Enable","WALLSTREET WIFI",,""
"642039","Jan 14 2026 09:23:55 PM","","","TOTAL","10.0GB","10.0GB","0.0MB","",,"720.0Hours","Voucher Duration","Permanent",,,"Expired","All Portals","Enable","WALLSTREET WIFI",,""
"025301","Jan 14 2026 09:23:55 PM","","","TOTAL","10.0GB","10.0GB","0.0MB","",,"720.0Hours","Voucher Duration","Permanent",,,"Expired","All Portals","Enable","WALLSTREET WIFI",,""
"294138","Jan 14 2026 09:23:55 PM","","","TOTAL","10.0GB","10.0GB","0.0MB","",,"720.0Hours","Voucher Duration","Permanent",,,"Expired","All Portals","Enable","WALLSTREET WIFI",,""
"146912","Jan 14 2026 09:23:55 PM","","","TOTAL","10.0GB","10.01GB","0.0MB","",,"720.0Hours","Voucher Duration","Permanent",,,"Expired","All Portals","Enable","WALLSTREET WIFI",,""
"040944","Jan 14 2026 09:23:55 PM","","","TOTAL","10.0GB","10.0GB","0.0MB","",,"720.0Hours","Voucher Duration","Permanent",,,"Expired","All Portals","Enable","WALLSTREET WIFI",,""
"588242","Jan 14 2026 09:23:55 PM","","","TOTAL","10.0GB","10.0GB","0.0MB","",,"720.0Hours","Voucher Duration","Permanent",,,"Expired","All Portals","Enable","WALLSTREET WIFI",,""
"683745","Jan 14 2026 09:23:55 PM","","","TOTAL","10.0GB","10.0GB","0.0MB","",,"720.0Hours","Voucher Duration","Permanent",,,"Expired","All Portals","Enable","WALLSTREET WIFI",,""
"577078","Jan 14 2026 09:23:55 PM","","","TOTAL","10.0GB","10.0GB","0.0MB","",,"720.0Hours","Voucher Duration","Permanent",,,"Expired","All Portals","Enable","WALLSTREET WIFI",,""
"167061","Jan 14 2026 09:23:55 PM","","","TOTAL","10.0GB","10.0GB","0.0MB","",,"720.0Hours","Voucher Duration","Permanent",,,"Expired","All Portals","Enable","WALLSTREET WIFI",,""
"982971","Jan 14 2026 09:23:55 PM","","","TOTAL","10.0GB","10.0GB","0.0MB","",,"720.0Hours","Voucher Duration","Permanent",,,"Expired","All Portals","Enable","WALLSTREET WIFI",,""
"449828","Jan 14 2026 09:23:55 PM","","","TOTAL","10.0GB","10.0GB","0.0MB","",,"720.0Hours","Voucher Duration","Permanent",,,"Expired","All Portals","Enable","WALLSTREET WIFI",,""
"327296","Jan 14 2026 09:23:55 PM","","","TOTAL","10.0GB","10.0GB","0.0MB","",,"720.0Hours","Voucher Duration","Permanent",,,"Expired","All Portals","Enable","WALLSTREET WIFI",,""
"691638","Jan 14 2026 09:23:55 PM","","","TOTAL","10.0GB","10.0GB","0.0MB","",,"720.0Hours","Voucher Duration","Permanent",,,"Expired","All Portals","Enable","WALLSTREET WIFI",,""
"642938","Jan 14 2026 09:23:55 PM","","","TOTAL","10.0GB","10.0GB","0.0MB","",,"720.0Hours","Voucher Duration","Permanent",,,"Expired","All Portals","Enable","WALLSTREET WIFI",,""
"574596","Jan 14 2026 09:23:55 PM","","","TOTAL","10.0GB","10.0GB","0.0MB","",,"720.0Hours","Voucher Duration","Permanent",,,"Expired","All Portals","Enable","WALLSTREET WIFI",,""
"601802","Jan 14 2026 09:23:55 PM","","","TOTAL","10.0GB","10.0GB","0.0MB","",,"720.0Hours","Voucher Duration","Permanent",,,"Expired","All Portals","Enable","WALLSTREET WIFI",,""
"110280","Jan 14 2026 09:23:55 PM","","","TOTAL","10.0GB","10.0GB","0.0MB","",,"720.0Hours","Voucher Duration","Permanent",,,"Expired","All Portals","Enable","WALLSTREET WIFI",,""
"467769","Jan 14 2026 09:23:55 PM","","","TOTAL","10.0GB","10.0GB","0.0MB","",,"720.0Hours","Voucher Duration","Permanent",,,"Expired","All Portals","Enable","WALLSTREET WIFI",,""
"709035","Jan 14 2026 09:23:55 PM","","","TOTAL","10.0GB","10.0GB","0.0MB","",,"720.0Hours","Voucher Duration","Permanent",,,"Expired","All Portals","Enable","WALLSTREET WIFI",,""
"931336","Jan 14 2026 09:23:55 PM","","","TOTAL","10.0GB","5.47GB","4.53GB","",,"720.0Hours","Voucher Duration","Permanent",,,"Valid for unlimited usage counts","All Portals","Enable","WALLSTREET WIFI",,""
"883123","Jan 14 2026 09:23:55 PM","","","TOTAL","10.0GB","10.0GB","0.0MB","",,"720.0Hours","Voucher Duration","Permanent",,,"Expired","All Portals","Enable","WALLSTREET WIFI",,""
"461934","Jan 14 2026 09:23:55 PM","","","TOTAL","10.0GB","10.0GB","0.0MB","",,"720.0Hours","Voucher Duration","Permanent",,,"Expired","All Portals","Enable","WALLSTREET WIFI",,""
"693705","Jan 14 2026 09:23:55 PM","","","TOTAL","10.0GB","10.0GB","0.0MB","",,"720.0Hours","Voucher Duration","Permanent",,,"Expired","All Portals","Enable","WALLSTREET WIFI",,""
"819992","Jan 14 2026 09:23:55 PM","","","TOTAL","10.0GB","3.87GB","6.13GB","",,"720.0Hours","Voucher Duration","Permanent",,,"Valid for unlimited usage counts","All Portals","Enable","WALLSTREET WIFI",,""
"505331","Jan 14 2026 09:23:55 PM","","","TOTAL","10.0GB","10.0GB","0.0MB","",,"720.0Hours","Voucher Duration","Permanent",,,"Expired","All Portals","Enable","WALLSTREET WIFI",,""
"642933","Jan 14 2026 09:23:55 PM","","","TOTAL","10.0GB","10.0GB","0.0MB","",,"720.0Hours","Voucher Duration","Permanent",,,"Expired","All Portals","Enable","WALLSTREET WIFI",,""
"974223","Jan 14 2026 09:23:55 PM","","","TOTAL","10.0GB","10.0GB","0.0MB","",,"720.0Hours","Voucher Duration","Permanent",,,"Expired","All Portals","Enable","WALLSTREET WIFI",,""
"613456","Jan 14 2026 09:23:55 PM","","","TOTAL","10.0GB","10.0GB","0.0MB","",,"720.0Hours","Voucher Duration","Permanent",,,"Expired","All Portals","Enable","WALLSTREET WIFI",,""
"371782","Jan 14 2026 09:23:55 PM","","","TOTAL","10.0GB","10.0GB","0.0MB","",,"720.0Hours","Voucher Duration","Permanent",,,"Expired","All Portals","Enable","WALLSTREET WIFI",,""
"699202","Jan 14 2026 09:23:55 PM","","","TOTAL","10.0GB","597.0MB","9.42GB","",,"720.0Hours","Voucher Duration","Permanent",,,"Valid for unlimited usage counts","All Portals","Enable","WALLSTREET WIFI",,""
"334220","Jan 14 2026 09:23:55 PM","","","TOTAL","10.0GB","10.0GB","0.0MB","",,"720.0Hours","Voucher Duration","Permanent",,,"Expired","All Portals","Enable","WALLSTREET WIFI",,""
"905774","Jan 14 2026 09:23:55 PM","","","TOTAL","10.0GB","10.0GB","0.0MB","",,"720.0Hours","Voucher Duration","Permanent",,,"Expired","All Portals","Enable","WALLSTREET WIFI",,""
"379502","Jan 14 2026 09:23:55 PM","","","TOTAL","10.0GB","10.0GB","0.0MB","",,"720.0Hours","Voucher Duration","Permanent",,,"Expired","All Portals","Enable","WALLSTREET WIFI",,""
"067030","Jan 14 2026 09:23:55 PM","","","TOTAL","10.0GB","10.0GB","0.0MB","",,"720.0Hours","Voucher Duration","Permanent",,,"Expired","All Portals","Enable","WALLSTREET WIFI",,""
"139482","Jan 14 2026 09:23:55 PM","","","TOTAL","10.0GB","10.0GB","0.0MB","",,"720.0Hours","Voucher Duration","Permanent",,,"Expired","All Portals","Enable","WALLSTREET WIFI",,""
"704098","Jan 14 2026 09:23:55 PM","","","TOTAL","10.0GB","10.0GB","0.0MB","",,"720.0Hours","Voucher Duration","Permanent",,,"Expired","All Portals","Enable","WALLSTREET WIFI",,""
"319817","Jan 14 2026 09:23:55 PM","","","TOTAL","10.0GB","10.0GB","0.0MB","",,"720.0Hours","Voucher Duration","Permanent",,,"Expired","All Portals","Enable","WALLSTREET WIFI",,""
"882642","Jan 14 2026 09:23:55 PM","","","TOTAL","10.0GB","10.0GB","0.0MB","",,"720.0Hours","Voucher Duration","Permanent",,,"Expired","All Portals","Enable","WALLSTREET WIFI",,""
"272266","Jan 14 2026 09:23:55 PM","","","TOTAL","10.0GB","10.0GB","0.0MB","",,"720.0Hours","Voucher Duration","Permanent",,,"Expired","All Portals","Enable","WALLSTREET WIFI",,""
"424151","Jan 14 2026 09:23:55 PM","","","TOTAL","10.0GB","5.44GB","4.56GB","",,"720.0Hours","Voucher Duration","Permanent",,,"Valid for unlimited usage counts","All Portals","Enable","WALLSTREET WIFI",,""
"748187","Jan 14 2026 09:23:55 PM","","","TOTAL","10.0GB","10.0GB","0.0MB","",,"720.0Hours","Voucher Duration","Permanent",,,"Expired","All Portals","Enable","WALLSTREET WIFI",,""
"658831","Jan 14 2026 09:23:55 PM","","","TOTAL","10.0GB","10.0GB","0.0MB","",,"720.0Hours","Voucher Duration","Permanent",,,"Expired","All Portals","Enable","WALLSTREET WIFI",,""
"199205","Jan 14 2026 09:23:55 PM","","","TOTAL","10.0GB","10.0GB","0.0MB","",,"720.0Hours","Voucher Duration","Permanent",,,"Expired","All Portals","Enable","WALLSTREET WIFI",,""
"753804","Jan 14 2026 09:23:55 PM","","","TOTAL","10.0GB","7.77GB","2.23GB","",,"720.0Hours","Voucher Duration","Permanent",,,"Valid for unlimited usage counts","All Portals","Enable","WALLSTREET WIFI",,""
"798333","Jan 14 2026 09:23:55 PM","","","TOTAL","10.0GB","10.0GB","0.0MB","",,"720.0Hours","Voucher Duration","Permanent",,,"Expired","All Portals","Enable","WALLSTREET WIFI",,""
"614252","Jan 14 2026 09:23:55 PM","","","TOTAL","10.0GB","10.0GB","0.0MB","",,"720.0Hours","Voucher Duration","Permanent",,,"Expired","All Portals","Enable","WALLSTREET WIFI",,""
"044425","Jan 14 2026 09:23:55 PM","","","TOTAL","10.0GB","10.0GB","0.0MB","",,"720.0Hours","Voucher Duration","Permanent",,,"Expired","All Portals","Enable","WALLSTREET WIFI",,""
"109022","Jan 14 2026 09:23:55 PM","","","TOTAL","10.0GB","10.0GB","0.0MB","",,"720.0Hours","Voucher Duration","Permanent",,,"Expired","All Portals","Enable","WALLSTREET WIFI",,""
"883284","Jan 14 2026 09:25:29 PM","","","TOTAL","20.0GB","12.94GB","7.06GB","",,"720.0Hours","Voucher Duration","Permanent",,,"Valid for unlimited usage counts","All Portals","Enable","WALLSTREET WIFI",,""
"711026","Jan 14 2026 09:25:29 PM","","","TOTAL","20.0GB","14.14GB","5.86GB","",,"720.0Hours","Voucher Duration","Permanent",,,"Valid for unlimited usage counts","All Portals","Enable","WALLSTREET WIFI",,""
"805994","Jan 14 2026 09:25:29 PM","","","TOTAL","20.0GB","20.0GB","0.0MB","",,"720.0Hours","Voucher Duration","Permanent",,,"Expired","All Portals","Enable","WALLSTREET WIFI",,""
"776575","Jan 14 2026 09:25:29 PM","","","TOTAL","20.0GB","20.0GB","0.0MB","",,"720.0Hours","Voucher Duration","Permanent",,,"Expired","All Portals","Enable","WALLSTREET WIFI",,""
"766454","Jan 14 2026 09:25:29 PM","","","TOTAL","20.0GB","20.0GB","0.0MB","",,"720.0Hours","Voucher Duration","Permanent",,,"Expired","All Portals","Enable","WALLSTREET WIFI",,""
"603323","Jan 14 2026 09:25:29 PM","","","TOTAL","20.0GB","20.0GB","0.0MB","",,"720.0Hours","Voucher Duration","Permanent",,,"Expired","All Portals","Enable","WALLSTREET WIFI",,""
"863617","Jan 14 2026 09:25:29 PM","","","TOTAL","20.0GB","20.0GB","0.0MB","",,"720.0Hours","Voucher Duration","Permanent",,,"Expired","All Portals","Enable","WALLSTREET WIFI",,""
"391545","Jan 14 2026 09:25:29 PM","","","TOTAL","20.0GB","20.0GB","0.0MB","",,"720.0Hours","Voucher Duration","Permanent",,,"Expired","All Portals","Enable","WALLSTREET WIFI",,""
"562880","Jan 14 2026 09:25:29 PM","","","TOTAL","20.0GB","20.0GB","0.0MB","",,"720.0Hours","Voucher Duration","Permanent",,,"Expired","All Portals","Enable","WALLSTREET WIFI",,""
"182414","Jan 14 2026 09:25:29 PM","","","TOTAL","20.0GB","20.0GB","0.0MB","",,"720.0Hours","Voucher Duration","Permanent",,,"Expired","All Portals","Enable","WALLSTREET WIFI",,""
"353183","Jan 14 2026 09:25:29 PM","","","TOTAL","20.0GB","20.0GB","0.0MB","",,"720.0Hours","Voucher Duration","Permanent",,,"Expired","All Portals","Enable","WALLSTREET WIFI",,""
"499577","Jan 14 2026 09:25:29 PM","","","TOTAL","20.0GB","20.0GB","0.0MB","",,"720.0Hours","Voucher Duration","Permanent",,,"Expired","All Portals","Enable","WALLSTREET WIFI",,""
"230945","Jan 14 2026 09:25:29 PM","","","TOTAL","20.0GB","20.0GB","0.0MB","",,"720.0Hours","Voucher Duration","Permanent",,,"Expired","All Portals","Enable","WALLSTREET WIFI",,""
"702712","Jan 14 2026 09:25:29 PM","","","TOTAL","20.0GB","20.0GB","0.0MB","",,"720.0Hours","Voucher Duration","Permanent",,,"Expired","All Portals","Enable","WALLSTREET WIFI",,""
"807479","Jan 14 2026 09:25:29 PM","","","TOTAL","20.0GB","20.0GB","0.0MB","",,"720.0Hours","Voucher Duration","Permanent",,,"Expired","All Portals","Enable","WALLSTREET WIFI",,""
"813608","Jan 14 2026 09:25:29 PM","","","TOTAL","20.0GB","9.96GB","10.04GB","",,"720.0Hours","Voucher Duration","Permanent",,,"Valid for unlimited usage counts","All Portals","Enable","WALLSTREET WIFI",,""
"426069","Jan 14 2026 09:25:29 PM","","","TOTAL","20.0GB","20.0GB","0.0MB","",,"720.0Hours","Voucher Duration","Permanent",,,"Expired","All Portals","Enable","WALLSTREET WIFI",,""
"865226","Jan 14 2026 09:25:29 PM","","","TOTAL","20.0GB","20.0GB","0.0MB","",,"720.0Hours","Voucher Duration","Permanent",,,"Expired","All Portals","Enable","WALLSTREET WIFI",,""
"359741","Jan 14 2026 09:25:29 PM","","","TOTAL","20.0GB","15.67GB","4.33GB","",,"720.0Hours","Voucher Duration","Permanent",,,"Valid for unlimited usage counts","All Portals","Enable","WALLSTREET WIFI",,""
"496421","Jan 14 2026 09:25:29 PM","","","TOTAL","20.0GB","20.0GB","0.0MB","",,"720.0Hours","Voucher Duration","Permanent",,,"Expired","All Portals","Enable","WALLSTREET WIFI",,""
"335492","Jan 14 2026 09:25:29 PM","","","TOTAL","20.0GB","20.0GB","0.0MB","",,"720.0Hours","Voucher Duration","Permanent",,,"Expired","All Portals","Enable","WALLSTREET WIFI",,""
"032360","Jan 14 2026 09:25:29 PM","","","TOTAL","20.0GB","20.0GB","0.0MB","",,"720.0Hours","Voucher Duration","Permanent",,,"Expired","All Portals","Enable","WALLSTREET WIFI",,""
"690431","Jan 14 2026 09:25:29 PM","","","TOTAL","20.0GB","18.88GB","1.12GB","",,"720.0Hours","Voucher Duration","Permanent",,,"Valid for unlimited usage counts","All Portals","Enable","WALLSTREET WIFI",,""
"008991","Jan 14 2026 09:25:29 PM","","","TOTAL","20.0GB","20.0GB","0.0MB","",,"720.0Hours","Voucher Duration","Permanent",,,"Expired","All Portals","Enable","WALLSTREET WIFI",,""
"007860","Jan 14 2026 09:25:29 PM","","","TOTAL","20.0GB","17.64GB","2.36GB","",,"720.0Hours","Voucher Duration","Permanent",,,"Valid for unlimited usage counts","All Portals","Enable","WALLSTREET WIFI",,""
"678036","Jan 14 2026 09:25:29 PM","","","TOTAL","20.0GB","20.0GB","0.0MB","",,"720.0Hours","Voucher Duration","Permanent",,,"Expired","All Portals","Enable","WALLSTREET WIFI",,""
"815392","Jan 14 2026 09:25:29 PM","","","TOTAL","20.0GB","19.01GB","1014.0MB","",,"720.0Hours","Voucher Duration","Permanent",,,"Valid for unlimited usage counts","All Portals","Enable","WALLSTREET WIFI",,""
"848691","Jan 14 2026 09:25:29 PM","","","TOTAL","20.0GB","20.0GB","0.0MB","",,"720.0Hours","Voucher Duration","Permanent",,,"Expired","All Portals","Enable","WALLSTREET WIFI",,""
"930210","Jan 14 2026 09:25:29 PM","","","TOTAL","20.0GB","20.0GB","0.0MB","",,"720.0Hours","Voucher Duration","Permanent",,,"Expired","All Portals","Enable","WALLSTREET WIFI",,""
"960853","Jan 14 2026 09:25:29 PM","","","TOTAL","20.0GB","14.75GB","5.25GB","",,"720.0Hours","Voucher Duration","Permanent",,,"Valid for unlimited usage counts","All Portals","Enable","WALLSTREET WIFI",,""
"040836","Jan 14 2026 09:25:29 PM","","","TOTAL","20.0GB","20.0GB","0.0MB","",,"720.0Hours","Voucher Duration","Permanent",,,"Expired","All Portals","Enable","WALLSTREET WIFI",,""
"123928","Jan 14 2026 09:25:29 PM","","","TOTAL","20.0GB","20.0GB","0.0MB","",,"720.0Hours","Voucher Duration","Permanent",,,"Expired","All Portals","Enable","WALLSTREET WIFI",,""
"414231","Jan 14 2026 09:25:29 PM","","","TOTAL","20.0GB","20.0GB","0.0MB","",,"720.0Hours","Voucher Duration","Permanent",,,"Expired","All Portals","Enable","WALLSTREET WIFI",,""
"232446","Jan 14 2026 09:25:29 PM","","","TOTAL","20.0GB","20.0GB","0.0MB","",,"720.0Hours","Voucher Duration","Permanent",,,"Expired","All Portals","Enable","WALLSTREET WIFI",,""
"574395","Jan 14 2026 09:25:29 PM","","","TOTAL","20.0GB","20.0GB","0.0MB","",,"720.0Hours","Voucher Duration","Permanent",,,"Expired","All Portals","Enable","WALLSTREET WIFI",,""
"962584","Jan 14 2026 09:25:29 PM","","","TOTAL","20.0GB","20.0GB","0.0MB","",,"720.0Hours","Voucher Duration","Permanent",,,"Expired","All Portals","Enable","WALLSTREET WIFI",,""
"823783","Jan 14 2026 09:25:29 PM","","","TOTAL","20.0GB","20.0GB","0.0MB","",,"720.0Hours","Voucher Duration","Permanent",,,"Expired","All Portals","Enable","WALLSTREET WIFI",,""
"132004","Jan 14 2026 09:25:29 PM","","","TOTAL","20.0GB","20.0GB","0.0MB","",,"720.0Hours","Voucher Duration","Permanent",,,"Expired","All Portals","Enable","WALLSTREET WIFI",,""
"354297","Jan 14 2026 09:25:29 PM","","","TOTAL","20.0GB","20.0GB","0.0MB","",,"720.0Hours","Voucher Duration","Permanent",,,"Expired","All Portals","Enable","WALLSTREET WIFI",,""
"127891","Jan 14 2026 09:25:29 PM","","","TOTAL","20.0GB","20.0GB","0.0MB","",,"720.0Hours","Voucher Duration","Permanent",,,"Expired","All Portals","Enable","WALLSTREET WIFI",,""
"813629","Jan 14 2026 09:25:29 PM","","","TOTAL","20.0GB","17.03GB","2.97GB","",,"720.0Hours","Voucher Duration","Permanent",,,"Valid for unlimited usage counts","All Portals","Enable","WALLSTREET WIFI",,""
"798271","Jan 14 2026 09:25:29 PM","","","TOTAL","20.0GB","10.66GB","9.34GB","",,"720.0Hours","Voucher Duration","Permanent",,,"Valid for unlimited usage counts","All Portals","Enable","WALLSTREET WIFI",,""
"031548","Jan 14 2026 09:25:29 PM","","","TOTAL","20.0GB","8.59GB","11.41GB","",,"720.0Hours","Voucher Duration","Permanent",,,"Valid for unlimited usage counts","All Portals","Enable","WALLSTREET WIFI",,""
"478572","Jan 14 2026 09:25:29 PM","","","TOTAL","20.0GB","20.0GB","0.0MB","",,"720.0Hours","Voucher Duration","Permanent",,,"Expired","All Portals","Enable","WALLSTREET WIFI",,""
"334678","Jan 14 2026 09:25:29 PM","","","TOTAL","20.0GB","7.0GB","13.0GB","",,"720.0Hours","Voucher Duration","Permanent",,,"Valid for unlimited usage counts","All Portals","Enable","WALLSTREET WIFI",,""
"488818","Jan 14 2026 09:25:29 PM","","","TOTAL","20.0GB","20.0GB","0.0MB","",,"720.0Hours","Voucher Duration","Permanent",,,"Expired","All Portals","Enable","WALLSTREET WIFI",,""
"278194","Jan 14 2026 09:25:29 PM","","","TOTAL","20.0GB","13.09GB","6.91GB","",,"720.0Hours","Voucher Duration","Permanent",,,"Valid for unlimited usage counts","All Portals","Enable","WALLSTREET WIFI",,""
"566389","Jan 14 2026 09:25:29 PM","","","TOTAL","20.0GB","20.0GB","0.0MB","",,"720.0Hours","Voucher Duration","Permanent",,,"Expired","All Portals","Enable","WALLSTREET WIFI",,""
"988305","Jan 14 2026 09:25:29 PM","","","TOTAL","20.0GB","9.97GB","10.03GB","",,"720.0Hours","Voucher Duration","Permanent",,,"Valid for unlimited usage counts","All Portals","Enable","WALLSTREET WIFI",,""
"693454","Jan 14 2026 09:25:29 PM","","","TOTAL","20.0GB","20.0GB","0.0MB","",,"720.0Hours","Voucher Duration","Permanent",,,"Expired","All Portals","Enable","WALLSTREET WIFI",,""
"680805","Jan 21 2026 07:11:22 AM","","","TOTAL","40.0GB","0.0MB","40.0GB","",,"720.0Hours","Voucher Duration","Permanent",,,"Valid for Multi-Use (1 time at most)","All Portals","Enable","WALLSTREET WIFI",,""
"407483","Jan 21 2026 07:11:22 AM","","","TOTAL","40.0GB","0.0MB","40.0GB","",,"720.0Hours","Voucher Duration","Permanent",,,"Valid for Multi-Use (1 time at most)","All Portals","Enable","WALLSTREET WIFI",,""
"428810","Jan 21 2026 07:11:22 AM","","","TOTAL","40.0GB","0.0MB","40.0GB","",,"720.0Hours","Voucher Duration","Permanent",,,"Valid for Multi-Use (1 time at most)","All Portals","Enable","WALLSTREET WIFI",,""
"026816","Jan 21 2026 07:11:22 AM","","","TOTAL","40.0GB","2.19GB","37.81GB","",,"720.0Hours","Voucher Duration","Permanent",,,"Valid for Multi-Use (1 time at most)","All Portals","Enable","WALLSTREET WIFI",,""
"285264","Jan 21 2026 07:11:22 AM","","","TOTAL","40.0GB","0.0MB","40.0GB","",,"720.0Hours","Voucher Duration","Permanent",,,"Valid for Multi-Use (1 time at most)","All Portals","Enable","WALLSTREET WIFI",,""
"094363","Jan 21 2026 07:11:22 AM","","","TOTAL","40.0GB","14.56GB","25.44GB","",,"720.0Hours","Voucher Duration","Permanent",,,"Valid for Multi-Use (1 time at most)","All Portals","Enable","WALLSTREET WIFI",,""
"076590","Jan 21 2026 07:11:22 AM","","","TOTAL","40.0GB","0.0MB","40.0GB","",,"720.0Hours","Voucher Duration","Permanent",,,"Valid for Multi-Use (1 time at most)","All Portals","Enable","WALLSTREET WIFI",,""
"635861","Jan 21 2026 07:11:22 AM","","","TOTAL","40.0GB","0.0MB","40.0GB","",,"720.0Hours","Voucher Duration","Permanent",,,"Valid for Multi-Use (1 time at most)","All Portals","Enable","WALLSTREET WIFI",,""
"449630","Jan 21 2026 07:11:22 AM","","","TOTAL","40.0GB","0.0MB","40.0GB","",,"720.0Hours","Voucher Duration","Permanent",,,"Valid for Multi-Use (1 time at most)","All Portals","Enable","WALLSTREET WIFI",,""
"115593","Jan 21 2026 07:11:22 AM","","","TOTAL","40.0GB","13.26GB","26.74GB","",,"720.0Hours","Voucher Duration","Permanent",,,"Valid for Multi-Use (1 time at most)","All Portals","Enable","WALLSTREET WIFI",,""
"022352","Jan 21 2026 07:11:22 AM","","","TOTAL","40.0GB","20.4GB","19.6GB","",,"720.0Hours","Voucher Duration","Permanent",,,"Valid for Multi-Use (1 time at most)","All Portals","Enable","WALLSTREET WIFI",,""
"999202","Jan 21 2026 07:11:22 AM","","","TOTAL","40.0GB","0.0MB","40.0GB","",,"720.0Hours","Voucher Duration","Permanent",,,"Valid for Multi-Use (1 time at most)","All Portals","Enable","WALLSTREET WIFI",,""
"463928","Jan 21 2026 07:11:22 AM","","","TOTAL","40.0GB","0.0MB","40.0GB","",,"720.0Hours","Voucher Duration","Permanent",,,"Valid for Multi-Use (1 time at most)","All Portals","Enable","WALLSTREET WIFI",,""
"468235","Jan 21 2026 07:11:22 AM","","","TOTAL","40.0GB","0.0MB","40.0GB","",,"720.0Hours","Voucher Duration","Permanent",,,"Valid for Multi-Use (1 time at most)","All Portals","Enable","WALLSTREET WIFI",,""
"424149","Jan 21 2026 07:11:22 AM","","","TOTAL","40.0GB","0.0MB","40.0GB","",,"720.0Hours","Voucher Duration","Permanent",,,"Valid for Multi-Use (1 time at most)","All Portals","Enable","WALLSTREET WIFI",,""
"430219","Jan 21 2026 07:11:22 AM","","","TOTAL","40.0GB","0.0MB","40.0GB","",,"720.0Hours","Voucher Duration","Permanent",,,"Valid for Multi-Use (1 time at most)","All Portals","Enable","WALLSTREET WIFI",,""
"301022","Jan 21 2026 07:11:22 AM","","","TOTAL","40.0GB","0.0MB","40.0GB","",,"720.0Hours","Voucher Duration","Permanent",,,"Valid for Multi-Use (1 time at most)","All Portals","Enable","WALLSTREET WIFI",,""
"731298","Jan 21 2026 07:11:22 AM","","","TOTAL","40.0GB","0.0MB","40.0GB","",,"720.0Hours","Voucher Duration","Permanent",,,"Valid for Multi-Use (1 time at most)","All Portals","Enable","WALLSTREET WIFI",,""
"341805","Jan 21 2026 07:11:22 AM","","","TOTAL","40.0GB","0.0MB","40.0GB","",,"720.0Hours","Voucher Duration","Permanent",,,"Valid for Multi-Use (1 time at most)","All Portals","Enable","WALLSTREET WIFI",,""
"139675","Jan 21 2026 07:11:22 AM","","","TOTAL","40.0GB","0.0MB","40.0GB","",,"720.0Hours","Voucher Duration","Permanent",,,"Valid for Multi-Use (1 time at most)","All Portals","Enable","WALLSTREET WIFI",,""
"625100","Jan 21 2026 07:11:22 AM","","","TOTAL","40.0GB","0.0MB","40.0GB","",,"720.0Hours","Voucher Duration","Permanent",,,"Valid for Multi-Use (1 time at most)","All Portals","Enable","WALLSTREET WIFI",,""
"009795","Jan 21 2026 07:11:22 AM","","","TOTAL","40.0GB","40.0GB","0.0MB","",,"720.0Hours","Voucher Duration","Permanent",,,"Expired","All Portals","Enable","WALLSTREET WIFI",,""
"329375","Jan 21 2026 07:11:22 AM","","","TOTAL","40.0GB","0.0MB","40.0GB","",,"720.0Hours","Voucher Duration","Permanent",,,"Valid for Multi-Use (1 time at most)","All Portals","Enable","WALLSTREET WIFI",,""
"164260","Jan 21 2026 07:11:22 AM","","","TOTAL","40.0GB","0.0MB","40.0GB","",,"720.0Hours","Voucher Duration","Permanent",,,"Valid for Multi-Use (1 time at most)","All Portals","Enable","WALLSTREET WIFI",,""
"802249","Jan 21 2026 07:11:22 AM","","","TOTAL","40.0GB","0.0MB","40.0GB","",,"720.0Hours","Voucher Duration","Permanent",,,"Valid for Multi-Use (1 time at most)","All Portals","Enable","WALLSTREET WIFI",,""
"144557","Jan 21 2026 07:11:22 AM","","","TOTAL","40.0GB","0.0MB","40.0GB","",,"720.0Hours","Voucher Duration","Permanent",,,"Valid for Multi-Use (1 time at most)","All Portals","Enable","WALLSTREET WIFI",,""
"352216","Jan 21 2026 07:11:22 AM","","","TOTAL","40.0GB","0.0MB","40.0GB","",,"720.0Hours","Voucher Duration","Permanent",,,"Valid for Multi-Use (1 time at most)","All Portals","Enable","WALLSTREET WIFI",,""
"615584","Jan 21 2026 07:11:22 AM","","","TOTAL","40.0GB","0.0MB","40.0GB","",,"720.0Hours","Voucher Duration","Permanent",,,"Valid for Multi-Use (1 time at most)","All Portals","Enable","WALLSTREET WIFI",,""
"206120","Jan 21 2026 07:11:22 AM","","","TOTAL","40.0GB","0.0MB","40.0GB","",,"720.0Hours","Voucher Duration","Permanent",,,"Valid for Multi-Use (1 time at most)","All Portals","Enable","WALLSTREET WIFI",,""
"736074","Jan 21 2026 07:11:22 AM","","","TOTAL","40.0GB","0.0MB","40.0GB","",,"720.0Hours","Voucher Duration","Permanent",,,"Valid for Multi-Use (1 time at most)","All Portals","Enable","WALLSTREET WIFI",,""
"358899","Jan 21 2026 07:11:22 AM","","","TOTAL","40.0GB","0.0MB","40.0GB","",,"720.0Hours","Voucher Duration","Permanent",,,"Valid for Multi-Use (1 time at most)","All Portals","Enable","WALLSTREET WIFI",,""
"319347","Jan 21 2026 07:11:22 AM","","","TOTAL","40.0GB","0.0MB","40.0GB","",,"720.0Hours","Voucher Duration","Permanent",,,"Valid for Multi-Use (1 time at most)","All Portals","Enable","WALLSTREET WIFI",,""
"628843","Jan 21 2026 07:11:22 AM","","","TOTAL","40.0GB","0.0MB","40.0GB","",,"720.0Hours","Voucher Duration","Permanent",,,"Valid for Multi-Use (1 time at most)","All Portals","Enable","WALLSTREET WIFI",,""
"042679","Jan 21 2026 07:11:22 AM","","","TOTAL","40.0GB","40.0GB","0.0MB","",,"720.0Hours","Voucher Duration","Permanent",,,"Expired","All Portals","Enable","WALLSTREET WIFI",,""
"238382","Jan 21 2026 07:11:22 AM","","","TOTAL","40.0GB","0.0MB","40.0GB","",,"720.0Hours","Voucher Duration","Permanent",,,"Valid for Multi-Use (1 time at most)","All Portals","Enable","WALLSTREET WIFI",,""
"123795","Jan 21 2026 07:11:22 AM","","","TOTAL","40.0GB","0.0MB","40.0GB","",,"720.0Hours","Voucher Duration","Permanent",,,"Valid for Multi-Use (1 time at most)","All Portals","Enable","WALLSTREET WIFI",,""
"204445","Jan 21 2026 07:11:22 AM","","","TOTAL","40.0GB","0.0MB","40.0GB","",,"720.0Hours","Voucher Duration","Permanent",,,"Valid for Multi-Use (1 time at most)","All Portals","Enable","WALLSTREET WIFI",,""
"378514","Jan 21 2026 07:11:22 AM","","","TOTAL","40.0GB","0.0MB","40.0GB","",,"720.0Hours","Voucher Duration","Permanent",,,"Valid for Multi-Use (1 time at most)","All Portals","Enable","WALLSTREET WIFI",,""
"516915","Jan 21 2026 07:11:22 AM","","","TOTAL","40.0GB","0.0MB","40.0GB","",,"720.0Hours","Voucher Duration","Permanent",,,"Valid for Multi-Use (1 time at most)","All Portals","Enable","WALLSTREET WIFI",,""
"246677","Jan 21 2026 07:11:22 AM","","","TOTAL","40.0GB","0.0MB","40.0GB","",,"720.0Hours","Voucher Duration","Permanent",,,"Valid for Multi-Use (1 time at most)","All Portals","Enable","WALLSTREET WIFI",,""
"210375","Jan 21 2026 07:11:22 AM","","","TOTAL","40.0GB","0.0MB","40.0GB","",,"720.0Hours","Voucher Duration","Permanent",,,"Valid for Multi-Use (1 time at most)","All Portals","Enable","WALLSTREET WIFI",,""
"421470","Jan 21 2026 07:11:22 AM","","","TOTAL","40.0GB","0.0MB","40.0GB","",,"720.0Hours","Voucher Duration","Permanent",,,"Valid for Multi-Use (1 time at most)","All Portals","Enable","WALLSTREET WIFI",,""
"169322","Jan 21 2026 07:11:22 AM","","","TOTAL","40.0GB","0.0MB","40.0GB","",,"720.0Hours","Voucher Duration","Permanent",,,"Valid for Multi-Use (1 time at most)","All Portals","Enable","WALLSTREET WIFI",,""
"817888","Jan 21 2026 07:11:22 AM","","","TOTAL","40.0GB","0.0MB","40.0GB","",,"720.0Hours","Voucher Duration","Permanent",,,"Valid for Multi-Use (1 time at most)","All Portals","Enable","WALLSTREET WIFI",,""
"544446","Jan 21 2026 07:11:22 AM","","","TOTAL","40.0GB","0.0MB","40.0GB","",,"720.0Hours","Voucher Duration","Permanent",,,"Valid for Multi-Use (1 time at most)","All Portals","Enable","WALLSTREET WIFI",,""
"568097","Jan 21 2026 07:11:22 AM","","","TOTAL","40.0GB","0.0MB","40.0GB","",,"720.0Hours","Voucher Duration","Permanent",,,"Valid for Multi-Use (1 time at most)","All Portals","Enable","WALLSTREET WIFI",,""
"314836","Jan 21 2026 07:11:22 AM","","","TOTAL","40.0GB","0.0MB","40.0GB","",,"720.0Hours","Voucher Duration","Permanent",,,"Valid for Multi-Use (1 time at most)","All Portals","Enable","WALLSTREET WIFI",,""
"117833","Jan 21 2026 07:11:22 AM","","","TOTAL","40.0GB","37.39GB","2.61GB","",,"720.0Hours","Voucher Duration","Permanent",,,"Valid for Multi-Use (1 time at most)","All Portals","Enable","WALLSTREET WIFI",,""
"822065","Jan 21 2026 07:11:22 AM","","","TOTAL","40.0GB","0.0MB","40.0GB","",,"720.0Hours","Voucher Duration","Permanent",,,"Valid for Multi-Use (1 time at most)","All Portals","Enable","WALLSTREET WIFI",,""
"836565","Jan 30 2026 12:39:18 PM","","","TOTAL","10.0GB","5.12GB","4.88GB","",,"720.0Hours","Voucher Duration","Permanent",,,"Valid for unlimited usage counts","All Portals","Enable","WALLSTREET WIFI",,""
"619155","Jan 30 2026 12:39:18 PM","","","TOTAL","10.0GB","5.97GB","4.03GB","",,"720.0Hours","Voucher Duration","Permanent",,,"Valid for unlimited usage counts","All Portals","Enable","WALLSTREET WIFI",,""
"348333","Jan 30 2026 12:39:18 PM","","","TOTAL","10.0GB","2.81GB","7.19GB","",,"720.0Hours","Voucher Duration","Permanent",,,"Valid for unlimited usage counts","All Portals","Enable","WALLSTREET WIFI",,""
"304245","Jan 30 2026 12:39:18 PM","","","TOTAL","10.0GB","9.04GB","981.0MB","",,"720.0Hours","Voucher Duration","Permanent",,,"Valid for unlimited usage counts","All Portals","Enable","WALLSTREET WIFI",,""
"691721","Jan 30 2026 12:39:18 PM","","","TOTAL","10.0GB","10.0GB","0.0MB","",,"720.0Hours","Voucher Duration","Permanent",,,"Expired","All Portals","Enable","WALLSTREET WIFI",,""
"947747","Jan 30 2026 12:39:18 PM","","","TOTAL","10.0GB","1.3GB","8.7GB","",,"720.0Hours","Voucher Duration","Permanent",,,"Valid for unlimited usage counts","All Portals","Enable","WALLSTREET WIFI",,""
"010052","Jan 30 2026 12:39:18 PM","","","TOTAL","10.0GB","7.27GB","2.73GB","",,"720.0Hours","Voucher Duration","Permanent",,,"Valid for unlimited usage counts","All Portals","Enable","WALLSTREET WIFI",,""
"455665","Jan 30 2026 12:39:18 PM","","","TOTAL","10.0GB","2.76GB","7.24GB","",,"720.0Hours","Voucher Duration","Permanent",,,"Valid for unlimited usage counts","All Portals","Enable","WALLSTREET WIFI",,""
"404606","Jan 30 2026 12:39:18 PM","","","TOTAL","10.0GB","3.67GB","6.33GB","",,"720.0Hours","Voucher Duration","Permanent",,,"Valid for unlimited usage counts","All Portals","Enable","WALLSTREET WIFI",,""
"710934","Jan 30 2026 12:39:18 PM","","","TOTAL","10.0GB","1.43GB","8.57GB","",,"720.0Hours","Voucher Duration","Permanent",,,"Valid for unlimited usage counts","All Portals","Enable","WALLSTREET WIFI",,""
"879502","Jan 30 2026 12:39:18 PM","","","TOTAL","10.0GB","0.0MB","10.0GB","",,"720.0Hours","Voucher Duration","Permanent",,,"Valid for unlimited usage counts","All Portals","Enable","WALLSTREET WIFI",,""
"932836","Jan 30 2026 12:39:18 PM","","","TOTAL","10.0GB","0.0MB","10.0GB","",,"720.0Hours","Voucher Duration","Permanent",,,"Valid for unlimited usage counts","All Portals","Enable","WALLSTREET WIFI",,""
"598637","Jan 30 2026 12:39:18 PM","","","TOTAL","10.0GB","0.0MB","10.0GB","",,"720.0Hours","Voucher Duration","Permanent",,,"Valid for unlimited usage counts","All Portals","Enable","WALLSTREET WIFI",,""
"220018","Jan 30 2026 12:39:18 PM","","","TOTAL","10.0GB","0.0MB","10.0GB","",,"720.0Hours","Voucher Duration","Permanent",,,"Valid for unlimited usage counts","All Portals","Enable","WALLSTREET WIFI",,""
"149369","Jan 30 2026 12:39:18 PM","","","TOTAL","10.0GB","4.16GB","5.84GB","",,"720.0Hours","Voucher Duration","Permanent",,,"Valid for unlimited usage counts","All Portals","Enable","WALLSTREET WIFI",,""
"268138","Jan 30 2026 12:39:18 PM","","","TOTAL","10.0GB","0.0MB","10.0GB","",,"720.0Hours","Voucher Duration","Permanent",,,"Valid for unlimited usage counts","All Portals","Enable","WALLSTREET WIFI",,""
"900280","Jan 30 2026 12:39:18 PM","","","TOTAL","10.0GB","0.0MB","10.0GB","",,"720.0Hours","Voucher Duration","Permanent",,,"Valid for unlimited usage counts","All Portals","Enable","WALLSTREET WIFI",,""
"451404","Jan 30 2026 12:39:18 PM","","","TOTAL","10.0GB","0.0MB","10.0GB","",,"720.0Hours","Voucher Duration","Permanent",,,"Valid for unlimited usage counts","All Portals","Enable","WALLSTREET WIFI",,""
"016053","Jan 30 2026 12:39:18 PM","","","TOTAL","10.0GB","7.92GB","2.08GB","",,"720.0Hours","Voucher Duration","Permanent",,,"Valid for unlimited usage counts","All Portals","Enable","WALLSTREET WIFI",,""
"615642","Jan 30 2026 12:39:18 PM","","","TOTAL","10.0GB","0.0MB","10.0GB","",,"720.0Hours","Voucher Duration","Permanent",,,"Valid for unlimited usage counts","All Portals","Enable","WALLSTREET WIFI",,""
"645204","Jan 30 2026 12:39:18 PM","","","TOTAL","10.0GB","0.0MB","10.0GB","",,"720.0Hours","Voucher Duration","Permanent",,,"Valid for unlimited usage counts","All Portals","Enable","WALLSTREET WIFI",,""
"310680","Jan 30 2026 12:39:18 PM","","","TOTAL","10.0GB","0.0MB","10.0GB","",,"720.0Hours","Voucher Duration","Permanent",,,"Valid for unlimited usage counts","All Portals","Enable","WALLSTREET WIFI",,""
"318257","Jan 30 2026 12:39:18 PM","","","TOTAL","10.0GB","0.0MB","10.0GB","",,"720.0Hours","Voucher Duration","Permanent",,,"Valid for unlimited usage counts","All Portals","Enable","WALLSTREET WIFI",,""
"781841","Jan 30 2026 12:39:18 PM","","","TOTAL","10.0GB","0.0MB","10.0GB","",,"720.0Hours","Voucher Duration","Permanent",,,"Valid for unlimited usage counts","All Portals","Enable","WALLSTREET WIFI",,""
"906202","Jan 30 2026 12:39:18 PM","","","TOTAL","10.0GB","0.0MB","10.0GB","",,"720.0Hours","Voucher Duration","Permanent",,,"Valid for unlimited usage counts","All Portals","Enable","WALLSTREET WIFI",,""
"742681","Jan 30 2026 12:39:18 PM","","","TOTAL","10.0GB","0.0MB","10.0GB","",,"720.0Hours","Voucher Duration","Permanent",,,"Valid for unlimited usage counts","All Portals","Enable","WALLSTREET WIFI",,""
"581811","Jan 30 2026 12:39:18 PM","","","TOTAL","10.0GB","0.0MB","10.0GB","",,"720.0Hours","Voucher Duration","Permanent",,,"Valid for unlimited usage counts","All Portals","Enable","WALLSTREET WIFI",,""
"191588","Jan 30 2026 12:39:18 PM","","","TOTAL","10.0GB","6.29GB","3.71GB","",,"720.0Hours","Voucher Duration","Permanent",,,"Valid for unlimited usage counts","All Portals","Enable","WALLSTREET WIFI",,""
"313954","Jan 30 2026 12:39:18 PM","","","TOTAL","10.0GB","0.0MB","10.0GB","",,"720.0Hours","Voucher Duration","Permanent",,,"Valid for unlimited usage counts","All Portals","Enable","WALLSTREET WIFI",,""
"774007","Jan 30 2026 12:39:18 PM","","","TOTAL","10.0GB","0.0MB","10.0GB","",,"720.0Hours","Voucher Duration","Permanent",,,"Valid for unlimited usage counts","All Portals","Enable","WALLSTREET WIFI",,""
"226161","Jan 30 2026 12:39:18 PM","","","TOTAL","10.0GB","0.0MB","10.0GB","",,"720.0Hours","Voucher Duration","Permanent",,,"Valid for unlimited usage counts","All Portals","Enable","WALLSTREET WIFI",,""
"531380","Jan 30 2026 12:39:18 PM","","","TOTAL","10.0GB","0.0MB","10.0GB","",,"720.0Hours","Voucher Duration","Permanent",,,"Valid for unlimited usage counts","All Portals","Enable","WALLSTREET WIFI",,""
"274970","Jan 30 2026 12:39:18 PM","","","TOTAL","10.0GB","0.0MB","10.0GB","",,"720.0Hours","Voucher Duration","Permanent",,,"Valid for unlimited usage counts","All Portals","Enable","WALLSTREET WIFI",,""
"398230","Jan 30 2026 12:39:18 PM","","","TOTAL","10.0GB","0.0MB","10.0GB","",,"720.0Hours","Voucher Duration","Permanent",,,"Valid for unlimited usage counts","All Portals","Enable","WALLSTREET WIFI",,""
"193324","Jan 30 2026 12:39:18 PM","","","TOTAL","10.0GB","0.0MB","10.0GB","",,"720.0Hours","Voucher Duration","Permanent",,,"Valid for unlimited usage counts","All Portals","Enable","WALLSTREET WIFI",,""
"411296","Jan 30 2026 12:39:18 PM","","","TOTAL","10.0GB","0.0MB","10.0GB","",,"720.0Hours","Voucher Duration","Permanent",,,"Valid for unlimited usage counts","All Portals","Enable","WALLSTREET WIFI",,""
"133755","Jan 30 2026 12:39:18 PM","","","TOTAL","10.0GB","9.68GB","331.0MB","",,"720.0Hours","Voucher Duration","Permanent",,,"Valid for unlimited usage counts","All Portals","Enable","WALLSTREET WIFI",,""
"909324","Jan 30 2026 12:39:18 PM","","","TOTAL","10.0GB","0.0MB","10.0GB","",,"720.0Hours","Voucher Duration","Permanent",,,"Valid for unlimited usage counts","All Portals","Enable","WALLSTREET WIFI",,""
"496115","Jan 30 2026 12:39:18 PM","","","TOTAL","10.0GB","0.0MB","10.0GB","",,"720.0Hours","Voucher Duration","Permanent",,,"Valid for unlimited usage counts","All Portals","Enable","WALLSTREET WIFI",,""
"514572","Jan 30 2026 12:39:18 PM","","","TOTAL","10.0GB","0.0MB","10.0GB","",,"720.0Hours","Voucher Duration","Permanent",,,"Valid for unlimited usage counts","All Portals","Enable","WALLSTREET WIFI",,""
"595347","Jan 30 2026 12:39:18 PM","","","TOTAL","10.0GB","0.0MB","10.0GB","",,"720.0Hours","Voucher Duration","Permanent",,,"Valid for unlimited usage counts","All Portals","Enable","WALLSTREET WIFI",,""
"392026","Jan 30 2026 12:39:18 PM","","","TOTAL","10.0GB","0.0MB","10.0GB","",,"720.0Hours","Voucher Duration","Permanent",,,"Valid for unlimited usage counts","All Portals","Enable","WALLSTREET WIFI",,""
"330360","Jan 30 2026 12:39:18 PM","","","TOTAL","10.0GB","0.0MB","10.0GB","",,"720.0Hours","Voucher Duration","Permanent",,,"Valid for unlimited usage counts","All Portals","Enable","WALLSTREET WIFI",,""
"389094","Jan 30 2026 12:39:18 PM","","","TOTAL","10.0GB","0.0MB","10.0GB","",,"720.0Hours","Voucher Duration","Permanent",,,"Valid for unlimited usage counts","All Portals","Enable","WALLSTREET WIFI",,""
"464874","Jan 30 2026 12:39:18 PM","","","TOTAL","10.0GB","0.0MB","10.0GB","",,"720.0Hours","Voucher Duration","Permanent",,,"Valid for unlimited usage counts","All Portals","Enable","WALLSTREET WIFI",,""
"376199","Jan 30 2026 12:39:18 PM","","","TOTAL","10.0GB","0.0MB","10.0GB","",,"720.0Hours","Voucher Duration","Permanent",,,"Valid for unlimited usage counts","All Portals","Enable","WALLSTREET WIFI",,""
"771839","Jan 30 2026 12:39:18 PM","","","TOTAL","10.0GB","0.0MB","10.0GB","",,"720.0Hours","Voucher Duration","Permanent",,,"Valid for unlimited usage counts","All Portals","Enable","WALLSTREET WIFI",,""
"524379","Jan 30 2026 12:39:18 PM","","","TOTAL","10.0GB","0.0MB","10.0GB","",,"720.0Hours","Voucher Duration","Permanent",,,"Valid for unlimited usage counts","All Portals","Enable","WALLSTREET WIFI",,""
"353761","Jan 30 2026 12:39:18 PM","","","TOTAL","10.0GB","0.0MB","10.0GB","",,"720.0Hours","Voucher Duration","Permanent",,,"Valid for unlimited usage counts","All Portals","Enable","WALLSTREET WIFI",,""
"548383","Jan 30 2026 12:39:18 PM","","","TOTAL","10.0GB","0.0MB","10.0GB","",,"720.0Hours","Voucher Duration","Permanent",,,"Valid for unlimited usage counts","All Portals","Enable","WALLSTREET WIFI",,""
"591369","Jan 30 2026 12:50:31 PM","","","TOTAL","20.0GB","12.02GB","7.98GB","",,"720.0Hours","Voucher Duration","Permanent",,,"Valid for unlimited usage counts","All Portals","Enable","WALLSTREET WIFI",,""
"466818","Jan 30 2026 12:50:31 PM","","","TOTAL","20.0GB","8.26GB","11.74GB","",,"720.0Hours","Voucher Duration","Permanent",,,"Valid for unlimited usage counts","All Portals","Enable","WALLSTREET WIFI",,""
"941570","Jan 30 2026 12:50:31 PM","","","TOTAL","20.0GB","5.04GB","14.96GB","",,"720.0Hours","Voucher Duration","Permanent",,,"Valid for unlimited usage counts","All Portals","Enable","WALLSTREET WIFI",,""
"368595","Jan 30 2026 12:50:31 PM","","","TOTAL","20.0GB","4.03GB","15.97GB","",,"720.0Hours","Voucher Duration","Permanent",,,"Valid for unlimited usage counts","All Portals","Enable","WALLSTREET WIFI",,""
"786250","Jan 30 2026 12:50:31 PM","","","TOTAL","20.0GB","4.84GB","15.16GB","",,"720.0Hours","Voucher Duration","Permanent",,,"Valid for unlimited usage counts","All Portals","Enable","WALLSTREET WIFI",,""
"513645","Jan 30 2026 12:50:31 PM","","","TOTAL","20.0GB","0.0MB","20.0GB","",,"720.0Hours","Voucher Duration","Permanent",,,"Valid for unlimited usage counts","All Portals","Enable","WALLSTREET WIFI",,""
"543926","Jan 30 2026 12:50:31 PM","","","TOTAL","20.0GB","0.0MB","20.0GB","",,"720.0Hours","Voucher Duration","Permanent",,,"Valid for unlimited usage counts","All Portals","Enable","WALLSTREET WIFI",,""
"756402","Jan 30 2026 12:50:31 PM","","","TOTAL","20.0GB","0.0MB","20.0GB","",,"720.0Hours","Voucher Duration","Permanent",,,"Valid for unlimited usage counts","All Portals","Enable","WALLSTREET WIFI",,""
"398498","Jan 30 2026 12:50:31 PM","","","TOTAL","20.0GB","0.0MB","20.0GB","",,"720.0Hours","Voucher Duration","Permanent",,,"Valid for unlimited usage counts","All Portals","Enable","WALLSTREET WIFI",,""
"445908","Jan 30 2026 12:50:31 PM","","","TOTAL","20.0GB","0.0MB","20.0GB","",,"720.0Hours","Voucher Duration","Permanent",,,"Valid for unlimited usage counts","All Portals","Enable","WALLSTREET WIFI",,""
"383259","Jan 30 2026 12:50:31 PM","","","TOTAL","20.0GB","0.0MB","20.0GB","",,"720.0Hours","Voucher Duration","Permanent",,,"Valid for unlimited usage counts","All Portals","Enable","WALLSTREET WIFI",,""
"864578","Jan 30 2026 12:50:31 PM","","","TOTAL","20.0GB","0.0MB","20.0GB","",,"720.0Hours","Voucher Duration","Permanent",,,"Valid for unlimited usage counts","All Portals","Enable","WALLSTREET WIFI",,""
"756584","Jan 30 2026 12:50:31 PM","","","TOTAL","20.0GB","0.0MB","20.0GB","",,"720.0Hours","Voucher Duration","Permanent",,,"Valid for unlimited usage counts","All Portals","Enable","WALLSTREET WIFI",,""
"957155","Jan 30 2026 12:50:31 PM","","","TOTAL","20.0GB","0.0MB","20.0GB","",,"720.0Hours","Voucher Duration","Permanent",,,"Valid for unlimited usage counts","All Portals","Enable","WALLSTREET WIFI",,""
"410448","Jan 30 2026 12:50:31 PM","","","TOTAL","20.0GB","0.0MB","20.0GB","",,"720.0Hours","Voucher Duration","Permanent",,,"Valid for unlimited usage counts","All Portals","Enable","WALLSTREET WIFI",,""
"295116","Jan 30 2026 12:50:31 PM","","","TOTAL","20.0GB","0.0MB","20.0GB","",,"720.0Hours","Voucher Duration","Permanent",,,"Valid for unlimited usage counts","All Portals","Enable","WALLSTREET WIFI",,""
"668263","Jan 30 2026 12:50:31 PM","","","TOTAL","20.0GB","0.0MB","20.0GB","",,"720.0Hours","Voucher Duration","Permanent",,,"Valid for unlimited usage counts","All Portals","Enable","WALLSTREET WIFI",,""
"560049","Jan 30 2026 12:50:31 PM","","","TOTAL","20.0GB","0.0MB","20.0GB","",,"720.0Hours","Voucher Duration","Permanent",,,"Valid for unlimited usage counts","All Portals","Enable","WALLSTREET WIFI",,""
"116809","Jan 30 2026 12:50:31 PM","","","TOTAL","20.0GB","7.82GB","12.18GB","",,"720.0Hours","Voucher Duration","Permanent",,,"Valid for unlimited usage counts","All Portals","Enable","WALLSTREET WIFI",,""
"668485","Jan 30 2026 12:50:31 PM","","","TOTAL","20.0GB","0.0MB","20.0GB","",,"720.0Hours","Voucher Duration","Permanent",,,"Valid for unlimited usage counts","All Portals","Enable","WALLSTREET WIFI",,""
"481154","Jan 30 2026 12:50:31 PM","","","TOTAL","20.0GB","0.0MB","20.0GB","",,"720.0Hours","Voucher Duration","Permanent",,,"Valid for unlimited usage counts","All Portals","Enable","WALLSTREET WIFI",,""
"344714","Jan 30 2026 12:50:31 PM","","","TOTAL","20.0GB","0.0MB","20.0GB","",,"720.0Hours","Voucher Duration","Permanent",,,"Valid for unlimited usage counts","All Portals","Enable","WALLSTREET WIFI",,""
"735299","Jan 30 2026 12:50:31 PM","","","TOTAL","20.0GB","0.0MB","20.0GB","",,"720.0Hours","Voucher Duration","Permanent",,,"Valid for unlimited usage counts","All Portals","Enable","WALLSTREET WIFI",,""
"534682","Jan 30 2026 12:50:31 PM","","","TOTAL","20.0GB","0.0MB","20.0GB","",,"720.0Hours","Voucher Duration","Permanent",,,"Valid for unlimited usage counts","All Portals","Enable","WALLSTREET WIFI",,""
"977891","Jan 30 2026 12:50:31 PM","","","TOTAL","20.0GB","0.0MB","20.0GB","",,"720.0Hours","Voucher Duration","Permanent",,,"Valid for unlimited usage counts","All Portals","Enable","WALLSTREET WIFI",,""
"209178","Jan 30 2026 12:50:31 PM","","","TOTAL","20.0GB","0.0MB","20.0GB","",,"720.0Hours","Voucher Duration","Permanent",,,"Valid for unlimited usage counts","All Portals","Enable","WALLSTREET WIFI",,""
"483249","Jan 30 2026 12:50:31 PM","","","TOTAL","20.0GB","0.0MB","20.0GB","",,"720.0Hours","Voucher Duration","Permanent",,,"Valid for unlimited usage counts","All Portals","Enable","WALLSTREET WIFI",,""
"796231","Jan 30 2026 12:50:31 PM","","","TOTAL","20.0GB","0.0MB","20.0GB","",,"720.0Hours","Voucher Duration","Permanent",,,"Valid for unlimited usage counts","All Portals","Enable","WALLSTREET WIFI",,""
"102551","Jan 30 2026 12:50:31 PM","","","TOTAL","20.0GB","2.98GB","17.02GB","",,"720.0Hours","Voucher Duration","Permanent",,,"Valid for unlimited usage counts","All Portals","Enable","WALLSTREET WIFI",,""
"425656","Jan 30 2026 12:50:31 PM","","","TOTAL","20.0GB","0.0MB","20.0GB","",,"720.0Hours","Voucher Duration","Permanent",,,"Valid for unlimited usage counts","All Portals","Enable","WALLSTREET WIFI",,""
"008311","Jan 30 2026 12:50:31 PM","","","TOTAL","20.0GB","20.0GB","0.0MB","",,"720.0Hours","Voucher Duration","Permanent",,,"Expired","All Portals","Enable","WALLSTREET WIFI",,""
"800852","Jan 30 2026 12:50:31 PM","","","TOTAL","20.0GB","0.0MB","20.0GB","",,"720.0Hours","Voucher Duration","Permanent",,,"Valid for unlimited usage counts","All Portals","Enable","WALLSTREET WIFI",,""
"240576","Jan 30 2026 12:50:31 PM","","","TOTAL","20.0GB","0.0MB","20.0GB","",,"720.0Hours","Voucher Duration","Permanent",,,"Valid for unlimited usage counts","All Portals","Enable","WALLSTREET WIFI",,""
"894386","Jan 30 2026 12:50:31 PM","","","TOTAL","20.0GB","0.0MB","20.0GB","",,"720.0Hours","Voucher Duration","Permanent",,,"Valid for unlimited usage counts","All Portals","Enable","WALLSTREET WIFI",,""
"370436","Jan 30 2026 12:50:31 PM","","","TOTAL","20.0GB","0.0MB","20.0GB","",,"720.0Hours","Voucher Duration","Permanent",,,"Valid for unlimited usage counts","All Portals","Enable","WALLSTREET WIFI",,""
"462782","Jan 30 2026 12:50:31 PM","","","TOTAL","20.0GB","0.0MB","20.0GB","",,"720.0Hours","Voucher Duration","Permanent",,,"Valid for unlimited usage counts","All Portals","Enable","WALLSTREET WIFI",,""
"349776","Jan 30 2026 12:50:31 PM","","","TOTAL","20.0GB","0.0MB","20.0GB","",,"720.0Hours","Voucher Duration","Permanent",,,"Valid for unlimited usage counts","All Portals","Enable","WALLSTREET WIFI",,""
"847800","Jan 30 2026 12:50:31 PM","","","TOTAL","20.0GB","0.0MB","20.0GB","",,"720.0Hours","Voucher Duration","Permanent",,,"Valid for unlimited usage counts","All Portals","Enable","WALLSTREET WIFI",,""
"003874","Jan 30 2026 12:50:31 PM","","","TOTAL","20.0GB","2.33GB","17.67GB","",,"720.0Hours","Voucher Duration","Permanent",,,"Valid for unlimited usage counts","All Portals","Enable","WALLSTREET WIFI",,""
"964767","Jan 30 2026 12:50:31 PM","","","TOTAL","20.0GB","0.0MB","20.0GB","",,"720.0Hours","Voucher Duration","Permanent",,,"Valid for unlimited usage counts","All Portals","Enable","WALLSTREET WIFI",,""
"517819","Jan 30 2026 12:50:31 PM","","","TOTAL","20.0GB","0.0MB","20.0GB","",,"720.0Hours","Voucher Duration","Permanent",,,"Valid for unlimited usage counts","All Portals","Enable","WALLSTREET WIFI",,""
"407462","Jan 30 2026 12:50:31 PM","","","TOTAL","20.0GB","0.0MB","20.0GB","",,"720.0Hours","Voucher Duration","Permanent",,,"Valid for unlimited usage counts","All Portals","Enable","WALLSTREET WIFI",,""
"573189","Jan 30 2026 12:50:31 PM","","","TOTAL","20.0GB","0.0MB","20.0GB","",,"720.0Hours","Voucher Duration","Permanent",,,"Valid for unlimited usage counts","All Portals","Enable","WALLSTREET WIFI",,""
"444318","Jan 30 2026 12:50:31 PM","","","TOTAL","20.0GB","0.0MB","20.0GB","",,"720.0Hours","Voucher Duration","Permanent",,,"Valid for unlimited usage counts","All Portals","Enable","WALLSTREET WIFI",,""
"797902","Jan 30 2026 12:50:31 PM","","","TOTAL","20.0GB","0.0MB","20.0GB","",,"720.0Hours","Voucher Duration","Permanent",,,"Valid for unlimited usage counts","All Portals","Enable","WALLSTREET WIFI",,""
"736922","Jan 30 2026 12:50:31 PM","","","TOTAL","20.0GB","0.0MB","20.0GB","",,"720.0Hours","Voucher Duration","Permanent",,,"Valid for unlimited usage counts","All Portals","Enable","WALLSTREET WIFI",,""
"806638","Jan 30 2026 12:50:31 PM","","","TOTAL","20.0GB","0.0MB","20.0GB","",,"720.0Hours","Voucher Duration","Permanent",,,"Valid for unlimited usage counts","All Portals","Enable","WALLSTREET WIFI",,""
"764558","Jan 30 2026 12:50:31 PM","","","TOTAL","20.0GB","0.0MB","20.0GB","",,"720.0Hours","Voucher Duration","Permanent",,,"Valid for unlimited usage counts","All Portals","Enable","WALLSTREET WIFI",,""
"039293","Jan 30 2026 12:50:31 PM","","","TOTAL","20.0GB","6.54GB","13.46GB","",,"720.0Hours","Voucher Duration","Permanent",,,"Valid for unlimited usage counts","All Portals","Enable","WALLSTREET WIFI",,""
"869130","Jan 30 2026 12:50:31 PM","","","TOTAL","20.0GB","0.0MB","20.0GB","",,"720.0Hours","Voucher Duration","Permanent",,,"Valid for unlimited usage counts","All Portals","Enable","WALLSTREET WIFI",,""
"rhc74V","Feb 01 2026 08:47:42 PM","","","TOTAL","100.0GB","100.0GB","0.0MB","",,"720.0Hours","Voucher Duration","Permanent",,,"Expired","All Portals","Enable","WALLSTREET WIFI",,""
"lryZqW","Feb 01 2026 08:47:42 PM","","","TOTAL","100.0GB","0.0MB","100.0GB","",,"720.0Hours","Voucher Duration","Permanent",,,"Valid for unlimited usage counts","All Portals","Enable","WALLSTREET WIFI",,""
"AWNjGq","Feb 01 2026 08:47:42 PM","","","TOTAL","100.0GB","0.0MB","100.0GB","",,"720.0Hours","Voucher Duration","Permanent",,,"Valid for unlimited usage counts","All Portals","Enable","WALLSTREET WIFI",,""
"4kslpw","Feb 01 2026 08:47:42 PM","","","TOTAL","100.0GB","0.0MB","100.0GB","",,"720.0Hours","Voucher Duration","Permanent",,,"Valid for unlimited usage counts","All Portals","Enable","WALLSTREET WIFI",,""
"yhgMoi","Feb 01 2026 08:47:42 PM","","","TOTAL","100.0GB","0.0MB","100.0GB","",,"720.0Hours","Voucher Duration","Permanent",,,"Valid for unlimited usage counts","All Portals","Enable","WALLSTREET WIFI",,""
"RVQqvE","Feb 01 2026 08:47:42 PM","","","TOTAL","100.0GB","0.0MB","100.0GB","",,"720.0Hours","Voucher Duration","Permanent",,,"Valid for unlimited usage counts","All Portals","Enable","WALLSTREET WIFI",,""
"ef2WpD","Feb 01 2026 08:47:42 PM","","","TOTAL","100.0GB","0.0MB","100.0GB","",,"720.0Hours","Voucher Duration","Permanent",,,"Valid for unlimited usage counts","All Portals","Enable","WALLSTREET WIFI",,""
"sLyAFn","Feb 01 2026 08:47:42 PM","","","TOTAL","100.0GB","0.0MB","100.0GB","",,"720.0Hours","Voucher Duration","Permanent",,,"Valid for unlimited usage counts","All Portals","Enable","WALLSTREET WIFI",,""
"fUsJTj","Feb 01 2026 08:47:42 PM","","","TOTAL","100.0GB","0.0MB","100.0GB","",,"720.0Hours","Voucher Duration","Permanent",,,"Valid for unlimited usage counts","All Portals","Enable","WALLSTREET WIFI",,""
"GeDfmC","Feb 01 2026 08:47:42 PM","","","TOTAL","100.0GB","0.0MB","100.0GB","",,"720.0Hours","Voucher Duration","Permanent",,,"Valid for unlimited usage counts","All Portals","Enable","WALLSTREET WIFI",,""
"5es4dO","Feb 01 2026 08:47:42 PM","","","TOTAL","100.0GB","0.0MB","100.0GB","",,"720.0Hours","Voucher Duration","Permanent",,,"Valid for unlimited usage counts","All Portals","Enable","WALLSTREET WIFI",,""
"rCi1nc","Feb 01 2026 08:47:42 PM","","","TOTAL","100.0GB","0.0MB","100.0GB","",,"720.0Hours","Voucher Duration","Permanent",,,"Valid for unlimited usage counts","All Portals","Enable","WALLSTREET WIFI",,""
"Zg26yi","Feb 01 2026 08:47:42 PM","","","TOTAL","100.0GB","0.0MB","100.0GB","",,"720.0Hours","Voucher Duration","Permanent",,,"Valid for unlimited usage counts","All Portals","Enable","WALLSTREET WIFI",,""
"5Wctiy","Feb 01 2026 08:47:42 PM","","","TOTAL","100.0GB","0.0MB","100.0GB","",,"720.0Hours","Voucher Duration","Permanent",,,"Valid for unlimited usage counts","All Portals","Enable","WALLSTREET WIFI",,""
"0NaNeD","Feb 01 2026 08:47:42 PM","","","TOTAL","100.0GB","6.3GB","93.7GB","",,"720.0Hours","Voucher Duration","Permanent",,,"Valid for unlimited usage counts","All Portals","Enable","WALLSTREET WIFI",,""
"XvrOE1","Feb 01 2026 08:47:42 PM","","","TOTAL","100.0GB","0.0MB","100.0GB","",,"720.0Hours","Voucher Duration","Permanent",,,"Valid for unlimited usage counts","All Portals","Enable","WALLSTREET WIFI",,""
"ZITkr9","Feb 01 2026 08:47:42 PM","","","TOTAL","100.0GB","0.0MB","100.0GB","",,"720.0Hours","Voucher Duration","Permanent",,,"Valid for unlimited usage counts","All Portals","Enable","WALLSTREET WIFI",,""
"x7kHv8","Feb 01 2026 08:47:42 PM","","","TOTAL","100.0GB","0.0MB","100.0GB","",,"720.0Hours","Voucher Duration","Permanent",,,"Valid for unlimited usage counts","All Portals","Enable","WALLSTREET WIFI",,""
"IKTmZU","Feb 01 2026 08:47:42 PM","","","TOTAL","100.0GB","0.0MB","100.0GB","",,"720.0Hours","Voucher Duration","Permanent",,,"Valid for unlimited usage counts","All Portals","Enable","WALLSTREET WIFI",,""
"PECZsR","Feb 01 2026 08:47:42 PM","","","TOTAL","100.0GB","0.0MB","100.0GB","",,"720.0Hours","Voucher Duration","Permanent",,,"Valid for unlimited usage counts","All Portals","Enable","WALLSTREET WIFI",,""
"5T3o5P","Feb 01 2026 08:47:42 PM","","","TOTAL","100.0GB","0.0MB","100.0GB","",,"720.0Hours","Voucher Duration","Permanent",,,"Valid for unlimited usage counts","All Portals","Enable","WALLSTREET WIFI",,""
"zekbHH","Feb 01 2026 08:47:42 PM","","","TOTAL","100.0GB","0.0MB","100.0GB","",,"720.0Hours","Voucher Duration","Permanent",,,"Valid for unlimited usage counts","All Portals","Enable","WALLSTREET WIFI",,""
"XjNnCk","Feb 01 2026 08:47:42 PM","","","TOTAL","100.0GB","0.0MB","100.0GB","",,"720.0Hours","Voucher Duration","Permanent",,,"Valid for unlimited usage counts","All Portals","Enable","WALLSTREET WIFI",,""
"hORu44","Feb 01 2026 08:47:42 PM","","","TOTAL","100.0GB","0.0MB","100.0GB","",,"720.0Hours","Voucher Duration","Permanent",,,"Valid for unlimited usage counts","All Portals","Enable","WALLSTREET WIFI",,""
"PvaPmD","Feb 01 2026 08:47:42 PM","","","TOTAL","100.0GB","0.0MB","100.0GB","",,"720.0Hours","Voucher Duration","Permanent",,,"Valid for unlimited usage counts","All Portals","Enable","WALLSTREET WIFI",,""
"745l00","Feb 01 2026 08:47:42 PM","","","TOTAL","100.0GB","0.0MB","100.0GB","",,"720.0Hours","Voucher Duration","Permanent",,,"Valid for unlimited usage counts","All Portals","Enable","WALLSTREET WIFI",,""
"KzC2ES","Feb 01 2026 08:47:42 PM","","","TOTAL","100.0GB","0.0MB","100.0GB","",,"720.0Hours","Voucher Duration","Permanent",,,"Valid for unlimited usage counts","All Portals","Enable","WALLSTREET WIFI",,""
"Fut0OI","Feb 01 2026 08:47:42 PM","","","TOTAL","100.0GB","0.0MB","100.0GB","",,"720.0Hours","Voucher Duration","Permanent",,,"Valid for unlimited usage counts","All Portals","Enable","WALLSTREET WIFI",,""
"wc7OpX","Feb 01 2026 08:47:42 PM","","","TOTAL","100.0GB","0.0MB","100.0GB","",,"720.0Hours","Voucher Duration","Permanent",,,"Valid for unlimited usage counts","All Portals","Enable","WALLSTREET WIFI",,""
"eQCRff","Feb 01 2026 08:47:42 PM","","","TOTAL","100.0GB","0.0MB","100.0GB","",,"720.0Hours","Voucher Duration","Permanent",,,"Valid for unlimited usage counts","All Portals","Enable","WALLSTREET WIFI",,""
"6OnSUi","Feb 01 2026 08:47:42 PM","","","TOTAL","100.0GB","0.0MB","100.0GB","",,"720.0Hours","Voucher Duration","Permanent",,,"Valid for unlimited usage counts","All Portals","Enable","WALLSTREET WIFI",,""
"hy1TFc","Feb 01 2026 08:47:42 PM","","","TOTAL","100.0GB","0.0MB","100.0GB","",,"720.0Hours","Voucher Duration","Permanent",,,"Valid for unlimited usage counts","All Portals","Enable","WALLSTREET WIFI",,""
"bbcENj","Feb 01 2026 08:47:42 PM","","","TOTAL","100.0GB","0.0MB","100.0GB","",,"720.0Hours","Voucher Duration","Permanent",,,"Valid for unlimited usage counts","All Portals","Enable","WALLSTREET WIFI",,""
"pFtZ4M","Feb 01 2026 08:47:42 PM","","","TOTAL","100.0GB","0.0MB","100.0GB","",,"720.0Hours","Voucher Duration","Permanent",,,"Valid for unlimited usage counts","All Portals","Enable","WALLSTREET WIFI",,""
"9BR7Gf","Feb 01 2026 08:47:42 PM","","","TOTAL","100.0GB","0.0MB","100.0GB","",,"720.0Hours","Voucher Duration","Permanent",,,"Valid for unlimited usage counts","All Portals","Enable","WALLSTREET WIFI",,""
"MRuO2w","Feb 01 2026 08:47:42 PM","","","TOTAL","100.0GB","0.0MB","100.0GB","",,"720.0Hours","Voucher Duration","Permanent",,,"Valid for unlimited usage counts","All Portals","Enable","WALLSTREET WIFI",,""
"3I9gjP","Feb 01 2026 08:47:42 PM","","","TOTAL","100.0GB","0.0MB","100.0GB","",,"720.0Hours","Voucher Duration","Permanent",,,"Valid for unlimited usage counts","All Portals","Enable","WALLSTREET WIFI",,""
"vecLVx","Feb 01 2026 08:47:42 PM","","","TOTAL","100.0GB","0.0MB","100.0GB","",,"720.0Hours","Voucher Duration","Permanent",,,"Valid for unlimited usage counts","All Portals","Enable","WALLSTREET WIFI",,""
"eQkCbF","Feb 01 2026 08:47:42 PM","","","TOTAL","100.0GB","0.0MB","100.0GB","",,"720.0Hours","Voucher Duration","Permanent",,,"Valid for unlimited usage counts","All Portals","Enable","WALLSTREET WIFI",,""
"wJweWb","Feb 01 2026 08:47:42 PM","","","TOTAL","100.0GB","0.0MB","100.0GB","",,"720.0Hours","Voucher Duration","Permanent",,,"Valid for unlimited usage counts","All Portals","Enable","WALLSTREET WIFI",,""
"gqeBVD","Feb 01 2026 08:47:42 PM","","","TOTAL","100.0GB","0.0MB","100.0GB","",,"720.0Hours","Voucher Duration","Permanent",,,"Valid for unlimited usage counts","All Portals","Enable","WALLSTREET WIFI",,""
"p7UOWe","Feb 01 2026 08:47:42 PM","","","TOTAL","100.0GB","0.0MB","100.0GB","",,"720.0Hours","Voucher Duration","Permanent",,,"Valid for unlimited usage counts","All Portals","Enable","WALLSTREET WIFI",,""
"oBtsth","Feb 01 2026 08:47:42 PM","","","TOTAL","100.0GB","0.0MB","100.0GB","",,"720.0Hours","Voucher Duration","Permanent",,,"Valid for unlimited usage counts","All Portals","Enable","WALLSTREET WIFI",,""
"0nf6Pl","Feb 01 2026 08:47:42 PM","","","TOTAL","100.0GB","0.0MB","100.0GB","",,"720.0Hours","Voucher Duration","Permanent",,,"Valid for unlimited usage counts","All Portals","Enable","WALLSTREET WIFI",,""
"NB7Wvz","Feb 01 2026 08:47:42 PM","","","TOTAL","100.0GB","0.0MB","100.0GB","",,"720.0Hours","Voucher Duration","Permanent",,,"Valid for unlimited usage counts","All Portals","Enable","WALLSTREET WIFI",,""
"SyklOt","Feb 01 2026 08:47:42 PM","","","TOTAL","100.0GB","0.0MB","100.0GB","",,"720.0Hours","Voucher Duration","Permanent",,,"Valid for unlimited usage counts","All Portals","Enable","WALLSTREET WIFI",,""
"hJDUdJ","Feb 01 2026 08:47:42 PM","","","TOTAL","100.0GB","0.0MB","100.0GB","",,"720.0Hours","Voucher Duration","Permanent",,,"Valid for unlimited usage counts","All Portals","Enable","WALLSTREET WIFI",,""
"ZHL8jY","Feb 01 2026 08:47:42 PM","","","TOTAL","100.0GB","0.0MB","100.0GB","",,"720.0Hours","Voucher Duration","Permanent",,,"Valid for unlimited usage counts","All Portals","Enable","WALLSTREET WIFI",,""
"5s8Txs","Feb 01 2026 08:47:42 PM","","","TOTAL","100.0GB","0.0MB","100.0GB","",,"720.0Hours","Voucher Duration","Permanent",,,"Valid for unlimited usage counts","All Portals","Enable","WALLSTREET WIFI",,""
"hTqXAq","Feb 01 2026 08:47:42 PM","","","TOTAL","100.0GB","0.0MB","100.0GB","",,"720.0Hours","Voucher Duration","Permanent",,,"Valid for unlimited usage counts","All Portals","Enable","WALLSTREET WIFI",,""
"921722","Feb 06 2026 04:28:51 AM","","","TOTAL","27.0GB","11.0MB","26.99GB","",,"720.0Hours","Voucher Duration","Permanent",,,"Valid for unlimited usage counts","All Portals","Enable","WALLSTREET WIFI",,""
"001473","Feb 06 2026 06:32:15 AM","","","TOTAL","15.0GB","2.56GB","12.44GB","",,"720.0Hours","Voucher Duration","Permanent",,,"Valid for unlimited usage counts","All Portals","Enable","WALLSTREET WIFI",,""
"713362","Feb 06 2026 06:32:15 AM","","","TOTAL","15.0GB","0.0MB","15.0GB","",,"720.0Hours","Voucher Duration","Permanent",,,"Valid for unlimited usage counts","All Portals","Enable","WALLSTREET WIFI",,""
"040512","Feb 06 2026 06:32:15 AM","","","TOTAL","15.0GB","0.0MB","15.0GB","",,"720.0Hours","Voucher Duration","Permanent",,,"Valid for unlimited usage counts","All Portals","Enable","WALLSTREET WIFI",,""
"967250","Feb 06 2026 06:32:15 AM","","","TOTAL","15.0GB","0.0MB","15.0GB","",,"720.0Hours","Voucher Duration","Permanent",,,"Valid for unlimited usage counts","All Portals","Enable","WALLSTREET WIFI",,""
"797290","Feb 06 2026 06:32:15 AM","","","TOTAL","15.0GB","0.0MB","15.0GB","",,"720.0Hours","Voucher Duration","Permanent",,,"Valid for unlimited usage counts","All Portals","Enable","WALLSTREET WIFI",,""
"073020","Feb 06 2026 06:32:15 AM","","","TOTAL","15.0GB","0.0MB","15.0GB","",,"720.0Hours","Voucher Duration","Permanent",,,"Valid for unlimited usage counts","All Portals","Enable","WALLSTREET WIFI",,""
"666300","Feb 06 2026 06:32:15 AM","","","TOTAL","15.0GB","0.0MB","15.0GB","",,"720.0Hours","Voucher Duration","Permanent",,,"Valid for unlimited usage counts","All Portals","Enable","WALLSTREET WIFI",,""
"284307","Feb 06 2026 06:32:15 AM","","","TOTAL","15.0GB","0.0MB","15.0GB","",,"720.0Hours","Voucher Duration","Permanent",,,"Valid for unlimited usage counts","All Portals","Enable","WALLSTREET WIFI",,""
"008890","Feb 06 2026 06:32:15 AM","","","TOTAL","15.0GB","0.0MB","15.0GB","",,"720.0Hours","Voucher Duration","Permanent",,,"Valid for unlimited usage counts","All Portals","Enable","WALLSTREET WIFI",,""
"410765","Feb 06 2026 06:32:15 AM","","","TOTAL","15.0GB","0.0MB","15.0GB","",,"720.0Hours","Voucher Duration","Permanent",,,"Valid for unlimited usage counts","All Portals","Enable","WALLSTREET WIFI",,""
